{
    "Naive Bayes": {
        "accuracy": 0.9669565217391304,
        "precision": 0.9852941176470589,
        "recall": 0.788235294117647,
        "f1_score": 0.8758169934640523,
        "confusion_matrix": [
            [
                489,
                1
            ],
            [
                18,
                67
            ]
        ]
    },
    "Logistic Regression": {
        "accuracy": 0.9826086956521739,
        "precision": 0.9629629629629629,
        "recall": 0.9176470588235294,
        "f1_score": 0.9397590361445783,
        "confusion_matrix": [
            [
                487,
                3
            ],
            [
                7,
                78
            ]
        ]
    },
    "Support Vector Machine": {
        "accuracy": 0.9895652173913043,
        "precision": 1.0,
        "recall": 0.9294117647058824,
        "f1_score": 0.9634146341463414,
        "confusion_matrix": [
            [
                490,
                0
            ],
            [
                6,
                79
            ]
        ]
    },
    "Ensemble Model": {
        "accuracy": 0.9895652173913043,
        "precision": 1.0,
        "recall": 0.9294117647058824,
        "f1_score": 0.9634146341463414,
        "confusion_matrix": [
            [
                490,
                0
            ],
            [
                6,
                79
            ]
        ]
    }
}